{"nodes":{"node:1":{"location":{"x":4,"y":346}},"node:2":{"location":{"x":420,"y":346}},"node:3":{"location":{"x":228,"y":206}},"node:4":{"location":{"x":212,"y":346}}},"selection":null,"view":{"scroll":{"x":-83.2225494384765625,"y":24.7170639038085938},"zoom":1.24999988079071045}}