{"nodes":{"node:1":{"location":{"x":1029,"y":318}}},"selection":["node:1"],"view":{"scroll":{"x":1206.859375,"y":266.13726806640625},"zoom":1.49999988079071045}}