{"nodes":{"node:1":{"location":{"x":1000,"y":400}},"node:2":{"location":{"x":573,"y":400}},"node:3":{"location":{"x":760,"y":320}}},"selection":null,"view":{"scroll":{"x":1206.859375,"y":266.13726806640625},"zoom":1.49999988079071045}}